,MatchID,ForTeam,AgainstTeam,RelativeStrength,GameWeek,Home,Possession,Goals,ShotsOnTarget,TotalShots,GoalsConceded,ShotsConceded,Touches,Passes,Tackles,Clearances,Corners,Offsides,YellowCards,FoulsConceded,ShotsInBox,CloseShots,Headers,ShotsCentre,ShotsLeft,ShotsRight,ShotsInBoxConceded,CloseShotsConceded,HeadersConceded,ShotsCentreConceded,ShotsLeftConceded,ShotsRightConceded,XG,XGC
0,58901,Tottenham Hotspur,Everton,1,1,Home,51.6,0,5,9,1,15,730,552,9,17,5,0,1,15,8,5,4,5,1,2,9,8,2,3,5,2,1.8794932850742387,1.6343848079615895
1,58901,Everton,Tottenham Hotspur,-1,1,Away,48.4,1,4,15,0,9,735,529,19,36,3,1,0,7,9,8,2,3,5,2,8,5,4,5,1,2,1.6343848079615895,1.8794932850742387
2,58902,West Bromwich Albion,Leicester City,-2,1,Home,35.8,0,1,7,3,13,487,336,7,13,2,4,1,12,3,2,0,1,1,1,8,8,1,2,4,2,0.6881962611859749,3.6946067764314905
3,58902,Leicester City,West Bromwich Albion,2,1,Away,64.2,3,7,13,0,7,779,604,17,14,5,3,1,9,8,8,1,2,4,2,3,2,0,1,1,1,3.6946067764314905,0.6881962611859749
4,58903,West Ham United,Newcastle United,0,1,Home,58.3,0,3,15,2,15,640,474,14,18,8,2,2,13,9,5,3,5,2,2,9,6,3,8,1,1,2.023395234340432,2.291486501188283
5,58903,Newcastle United,West Ham United,0,1,Away,41.7,2,2,15,0,15,526,342,13,28,7,4,2,7,9,6,3,8,1,1,9,5,3,5,2,2,2.291486501188283,2.023395234340432
6,58904,Brighton and Hove Albion,Chelsea,-2,1,Home,52.3,1,3,13,3,10,681,507,17,8,4,0,1,8,7,5,1,1,5,1,5,4,1,3,1,2,1.2020033177835285,1.860988655373821
7,58904,Chelsea,Brighton and Hove Albion,2,1,Away,47.7,3,5,10,1,13,644,465,16,15,3,3,0,13,5,4,1,3,1,2,7,5,1,1,5,1,1.860988655373821,1.2020033177835285
8,58905,Sheffield United,Wolverhampton Wanderers,0,1,Home,55.1,0,2,9,2,11,644,460,16,10,12,4,2,13,6,4,4,4,2,1,7,8,3,5,1,1,1.1062074332782852,1.7670406516546928
9,58905,Wolverhampton Wanderers,Sheffield United,0,1,Away,44.9,2,4,11,0,9,597,391,14,35,5,0,1,7,7,8,3,5,1,1,6,4,4,4,2,1,1.7670406516546928,1.1062074332782852
10,58906,Arsenal,West Ham United,1,2,Home,62.6,2,3,7,1,14,844,669,8,17,7,5,0,11,5,3,1,3,2,0,5,4,3,4,1,0,1.1152056512453465,2.097039605266852
11,58906,West Ham United,Arsenal,-1,2,Away,37.4,1,3,14,2,7,564,383,10,27,5,2,1,13,5,4,3,4,1,0,5,3,1,3,2,0,2.097039605266852,1.1152056512453465
12,58907,Aston Villa,Sheffield United,-1,2,Home,71.9,1,2,18,0,4,732,553,5,14,10,1,3,12,10,4,5,6,2,3,1,1,0,0,1,1,1.825450335863605,0.9148428824023178
13,58907,Sheffield United,Aston Villa,1,2,Away,28.1,0,1,4,1,18,374,221,9,36,4,0,1,13,1,1,0,0,1,1,10,4,5,6,2,3,0.9148428824023178,1.825450335863605
14,58908,Chelsea,Liverpool,-1,2,Home,38.7,0,3,5,2,18,675,488,17,34,1,1,1,10,2,4,1,1,1,0,8,11,1,3,4,2,1.3036148740952165,2.5172888436365137
15,58908,Liverpool,Chelsea,1,2,Away,61.3,2,6,18,0,5,934,764,14,3,11,1,0,6,8,11,1,3,4,2,2,4,1,1,1,0,2.5172888436365137,1.3036148740952165
16,58909,Everton,West Bromwich Albion,1,2,Home,71.3,5,7,17,2,6,982,799,21,4,11,1,1,9,10,9,6,7,3,0,2,4,0,1,1,0,3.735492410198621,1.357526663033865
17,58909,West Bromwich Albion,Everton,-1,2,Away,28.7,2,4,6,5,17,491,322,18,20,1,1,0,11,2,4,0,1,1,0,10,9,6,7,3,0,1.357526663033865,3.735492410198621
18,58910,Leeds United,Fulham,0,2,Home,50.3,4,7,10,3,14,658,444,22,11,5,3,1,13,5,6,2,2,3,0,5,7,3,4,1,0,1.7712092821798384,2.0528045619197632
19,58910,Fulham,Leeds United,0,2,Away,49.7,3,6,14,4,10,668,438,18,16,3,0,2,18,5,7,3,4,1,0,5,6,2,2,3,0,2.0528045619197632,1.7712092821798384
20,58912,Manchester United,Crystal Palace,1,2,Home,75.8,1,4,17,3,14,912,705,14,14,9,1,2,13,7,5,3,5,1,1,8,7,0,6,2,0,1.5019739655283935,2.9471308545835724
21,58912,Crystal Palace,Manchester United,-1,2,Away,24.2,3,5,14,1,17,444,225,24,33,3,2,1,10,8,7,0,6,2,0,7,5,3,5,1,1,2.9471308545835724,1.5019739655283935
22,58913,Newcastle United,Brighton and Hove Albion,1,2,Home,47.2,0,0,6,3,13,534,386,10,14,7,1,3,16,3,0,2,3,0,0,3,7,0,2,1,1,0.4166401811356903,2.477338600265895
23,58913,Brighton and Hove Albion,Newcastle United,-1,2,Away,52.8,3,6,13,0,6,598,444,8,20,1,2,0,15,3,7,0,2,1,1,3,0,2,3,0,0,2.477338600265895,0.4166401811356903
24,58914,Southampton,Tottenham Hotspur,-1,2,Home,52.5,2,7,14,5,9,611,460,8,7,3,2,4,17,7,9,1,4,0,3,5,6,0,3,2,1,3.355084139106227,2.868521785469088
25,58914,Tottenham Hotspur,Southampton,1,2,Away,47.5,5,6,9,2,14,576,419,8,21,2,6,3,18,5,6,0,3,2,1,7,9,1,4,0,3,2.868521785469088,3.355084139106227
26,58915,Wolverhampton Wanderers,Manchester City,-2,2,Home,34.8,1,1,10,3,14,545,356,25,9,4,2,0,7,6,3,3,5,0,1,7,9,0,2,3,2,0.9632485958587033,3.428822522618945
27,58915,Manchester City,Wolverhampton Wanderers,2,2,Away,65.2,3,9,14,1,10,861,692,22,10,6,3,3,8,7,9,0,2,3,2,6,3,3,5,0,1,3.428822522618945,0.9632485958587033
28,58917,Burnley,Southampton,0,3,Home,53.4,0,2,10,1,5,722,522,15,11,8,2,1,8,5,2,2,2,1,2,3,1,1,3,0,0,0.6720960111753931,0.7394420048995328
29,58917,Southampton,Burnley,0,3,Away,46.6,1,1,5,0,10,679,480,12,37,2,1,0,10,3,1,1,3,0,0,5,2,2,2,1,2,0.7394420048995328,0.6720960111753931
30,58918,Crystal Palace,Everton,0,3,Home,42.3,1,1,8,2,10,579,370,26,12,7,1,3,16,5,2,2,2,3,0,5,6,1,4,0,1,0.9605294706382749,2.941880710038579
31,58918,Everton,Crystal Palace,0,3,Away,57.7,2,5,10,1,8,742,524,20,25,6,0,1,15,5,6,1,4,0,1,5,2,2,2,3,0,2.941880710038579,0.9605294706382749
32,58919,Fulham,Aston Villa,0,3,Home,65.0,0,3,16,3,12,759,538,9,7,5,0,6,18,7,3,6,5,2,0,8,8,2,3,4,2,0.9290512585815247,2.3471005751344287
33,58919,Aston Villa,Fulham,0,3,Away,35.0,3,5,12,0,16,513,302,23,34,3,3,3,14,8,8,2,3,4,2,7,3,6,5,2,0,2.3471005751344287,0.9290512585815247
34,58920,Liverpool,Arsenal,1,3,Home,66.0,3,8,21,1,4,950,772,10,13,7,0,2,11,11,11,1,6,2,3,3,3,0,3,0,0,3.535591647625181,1.3420708908566619
35,58920,Arsenal,Liverpool,-1,3,Away,34.0,1,3,4,3,21,561,395,11,37,3,5,2,7,3,3,0,3,0,0,11,11,1,6,2,3,1.3420708908566619,3.535591647625181
36,58921,Manchester City,Leicester City,1,3,Home,71.7,2,5,16,5,7,847,680,12,7,3,2,1,13,6,8,4,3,1,2,1,7,0,0,0,1,1.3991426789846517,3.1986069577421405
37,58921,Leicester City,Manchester City,-1,3,Away,28.3,5,7,7,2,16,430,267,23,22,3,3,3,8,1,7,0,0,0,1,6,8,4,3,1,2,3.1986069577421405,1.3991426789846517
38,58922,Sheffield United,Leeds United,1,3,Home,36.3,0,4,14,1,17,545,327,23,30,5,2,2,18,7,5,2,3,4,1,6,5,4,4,0,2,1.9692968219244826,1.2088334538230008
39,58922,Leeds United,Sheffield United,-1,3,Away,63.7,1,9,17,0,14,801,578,13,10,7,1,1,4,6,5,4,4,0,2,7,5,2,3,4,1,1.2088334538230008,1.9692968219244826
40,58923,Tottenham Hotspur,Newcastle United,1,3,Home,65.8,1,12,23,1,6,818,640,10,17,10,0,1,15,12,16,5,8,1,4,3,1,1,2,1,0,5.297390191166968,1.183237222517244
41,58923,Newcastle United,Tottenham Hotspur,-1,3,Away,34.2,1,1,6,1,23,498,319,16,25,4,1,4,9,3,1,1,2,1,0,12,16,5,8,1,4,1.183237222517244,5.297390191166968
42,58924,West Bromwich Albion,Chelsea,-2,3,Home,24.1,3,3,9,3,22,456,249,9,39,3,1,1,8,4,4,0,2,2,0,9,13,0,7,1,1,1.7612408551605216,4.064976164662062
43,58924,Chelsea,West Bromwich Albion,2,3,Away,75.9,3,10,22,3,9,983,797,12,11,9,0,3,16,9,13,0,7,1,1,4,4,0,2,2,0,4.064976164662062,1.7612408551605216
44,58926,Arsenal,Sheffield United,1,4,Home,64.5,2,5,6,1,6,860,699,8,18,2,0,0,3,5,5,2,2,2,1,1,2,0,0,0,1,1.3700148128041185,0.4073141461423252
45,58926,Sheffield United,Arsenal,-1,4,Away,35.5,1,2,6,2,6,525,373,11,22,4,3,1,9,1,2,0,0,0,1,5,5,2,2,2,1,0.4073141461423252,1.3700148128041185
46,58927,Aston Villa,Liverpool,-3,4,Home,30.2,7,11,18,2,14,490,285,15,31,2,2,2,7,11,13,1,8,2,2,8,8,2,7,2,1,3.9548692884840695,2.4361348132714404
47,58927,Liverpool,Aston Villa,3,4,Away,69.8,2,8,14,7,18,854,650,14,14,7,1,1,10,8,8,2,7,2,1,11,13,1,8,2,2,2.4361348132714404,3.9548692884840695
48,58928,Chelsea,Crystal Palace,1,4,Home,70.9,4,6,17,0,4,876,707,14,14,8,1,2,17,10,8,4,7,1,2,2,0,1,1,1,0,3.742145396847216,0.22212553265000573
49,58928,Crystal Palace,Chelsea,-1,4,Away,29.1,0,0,4,4,17,455,280,10,15,5,0,0,13,2,0,1,1,1,0,10,8,4,7,1,2,0.22212553265000573,3.742145396847216
50,58929,Everton,Brighton and Hove Albion,1,4,Home,43.4,4,6,11,2,11,669,474,20,18,3,0,0,13,5,6,2,3,1,1,5,3,0,3,2,0,2.511345602181002,1.7130065056022146
51,58929,Brighton and Hove Albion,Everton,-1,4,Away,56.6,2,3,11,4,11,800,618,20,14,10,2,1,14,5,3,0,3,2,0,5,6,2,3,1,1,1.7130065056022146,2.511345602181002
52,58930,Leeds United,Manchester City,-3,4,Home,52.1,1,7,12,1,23,633,429,27,19,7,2,2,11,6,5,1,3,3,0,15,8,2,8,4,4,2.979171730738664,2.5642334888310447
53,58930,Manchester City,Leeds United,3,4,Away,47.9,1,2,23,1,12,611,389,11,15,10,3,1,12,15,8,2,8,4,4,6,5,1,3,3,0,2.5642334888310447,2.979171730738664
54,58931,Leicester City,West Ham United,1,4,Home,69.5,0,0,4,3,14,857,684,7,8,6,4,2,10,2,1,0,2,0,1,11,8,6,8,1,2,0.3832958421108261,2.749429197565463
55,58931,West Ham United,Leicester City,-1,4,Away,30.5,3,6,14,0,4,476,296,12,30,4,2,2,8,11,8,6,8,1,2,2,1,0,2,0,1,2.749429197565463,0.3832958421108261
56,58932,Manchester United,Tottenham Hotspur,0,4,Home,38.4,1,2,5,6,22,598,416,15,11,2,1,2,14,1,3,1,1,0,0,14,9,2,7,3,5,1.0664166579833976,4.836899548597447
57,58932,Tottenham Hotspur,Manchester United,0,4,Away,61.6,6,8,22,1,5,862,672,23,17,4,0,1,11,14,9,2,7,3,5,1,3,1,1,0,0,4.836899548597447,1.0664166579833976
58,58933,Newcastle United,Burnley,0,4,Home,47.7,3,5,10,1,7,606,416,5,34,3,4,2,13,4,8,2,3,0,1,6,4,2,4,1,1,2.5365162437511186,1.1619141306820076
59,58933,Burnley,Newcastle United,0,4,Away,52.3,1,3,7,3,10,616,455,13,9,4,5,3,17,6,4,2,4,1,1,4,8,2,3,0,1,1.1619141306820076,2.5365162437511186
60,58934,Southampton,West Bromwich Albion,1,4,Home,61.6,2,7,13,0,5,706,522,21,4,5,1,2,19,8,8,2,5,3,1,3,2,0,0,1,2,2.738027920150219,0.5101339371591135
61,58934,West Bromwich Albion,Southampton,-1,4,Away,38.4,0,2,5,2,13,535,325,18,16,1,1,1,10,3,2,0,0,1,2,8,8,2,5,3,1,0.5101339371591135,2.738027920150219
62,58897,Crystal Palace,Southampton,0,1,Home,29.4,1,3,5,0,9,450,236,15,22,7,4,2,14,5,5,2,5,0,0,6,5,3,5,1,1,1.3499116166620548,1.7864901912008808
63,58897,Southampton,Crystal Palace,0,1,Away,70.6,0,5,9,1,5,787,580,28,16,3,0,1,11,6,5,3,5,1,1,5,5,2,5,0,0,1.7864901912008808,1.3499116166620548
64,58898,Fulham,Arsenal,-2,1,Home,45.6,0,2,5,3,13,667,523,11,7,2,2,2,12,1,3,0,0,0,1,4,5,1,1,2,2,0.3501825671949568,2.182998639498297
65,58898,Arsenal,Fulham,2,1,Away,54.4,3,6,13,0,5,775,626,12,11,3,2,2,12,4,5,1,1,2,2,1,3,0,0,0,1,2.182998639498297,0.3501825671949568
66,58899,Liverpool,Leeds United,3,1,Home,48.8,4,6,22,3,6,661,432,13,11,9,2,1,9,14,6,2,9,1,4,4,4,1,3,0,1,4.820483868742104,1.1899407046084207
67,58899,Leeds United,Liverpool,-3,1,Away,51.2,3,3,6,4,22,695,459,34,34,0,5,0,6,4,4,1,3,0,1,14,6,2,9,1,4,1.1899407046084207,4.820483868742104
68,58935,Wolverhampton Wanderers,Fulham,1,4,Home,47.1,1,5,14,0,10,639,478,9,25,6,0,1,15,7,7,3,7,0,0,6,3,1,3,3,0,1.9922189277816238,1.172435610376048
69,58935,Fulham,Wolverhampton Wanderers,-1,4,Away,52.9,0,2,10,1,14,713,524,14,14,2,0,1,8,6,3,1,3,3,0,7,7,3,7,0,0,1.172435610376048,1.9922189277816238
70,58911,Leicester City,Burnley,1,2,Home,67.8,4,6,14,2,16,796,621,13,13,15,0,1,11,11,7,1,7,3,1,10,7,3,9,0,1,2.82892819754787,2.9808951980455407
71,58911,Burnley,Leicester City,-1,2,Away,32.2,2,5,16,4,14,481,292,12,28,4,1,2,13,10,7,3,9,0,1,11,7,1,7,3,1,2.9808951980455407,2.82892819754787
72,58916,Brighton and Hove Albion,Manchester United,-2,3,Home,53.3,2,5,18,3,7,676,488,12,4,7,1,4,18,10,9,2,3,6,1,5,3,1,3,2,0,3.1768591551763325,1.7333049106136906
73,58916,Manchester United,Brighton and Hove Albion,2,3,Away,46.7,3,3,7,2,18,622,445,15,21,1,4,2,16,5,3,1,3,2,0,10,9,2,3,6,1,1.7333049106136906,3.1768591551763325
74,58925,West Ham United,Wolverhampton Wanderers,0,3,Home,36.9,4,7,15,0,11,560,367,24,17,1,3,0,7,12,9,5,9,2,1,4,2,2,4,0,0,3.3277719148439013,0.9555217379595241
75,58925,Wolverhampton Wanderers,West Ham United,0,3,Away,63.1,0,2,11,4,15,822,626,17,6,3,2,1,11,4,2,2,4,0,0,12,9,5,9,2,1,0.9555217379595241,3.3277719148439013
76,58936,Chelsea,Southampton,1,5,Home,53.4,3,5,11,3,13,787,574,16,29,6,3,1,11,10,5,4,5,2,3,8,8,1,4,1,3,2.5480577020464104,2.7557113112210705
77,58936,Southampton,Chelsea,-1,5,Away,46.6,3,6,13,3,11,682,503,13,8,2,1,1,9,8,8,1,4,1,3,10,5,4,5,2,3,2.7557113112210705,2.5480577020464104
78,58940,Leicester City,Aston Villa,2,5,Home,50.5,0,5,11,1,10,611,417,21,24,2,2,4,18,4,5,0,2,1,2,4,6,2,4,0,0,0.9867165441876283,1.6112553913816736
79,58940,Aston Villa,Leicester City,-2,5,Away,49.5,1,4,10,0,11,612,397,14,11,7,3,3,18,4,6,2,4,0,0,4,5,0,2,1,2,1.6112553913816736,0.9867165441876283
80,58941,Manchester City,Arsenal,1,5,Home,58.5,1,5,13,0,11,801,665,11,9,6,0,4,15,8,6,1,4,0,4,5,5,2,3,2,0,2.214519958526026,1.1252418297993767
81,58941,Arsenal,Manchester City,-1,5,Away,41.5,0,3,11,1,13,618,462,13,12,6,2,1,10,5,5,2,3,2,0,8,6,1,4,0,4,1.1252418297993767,2.214519958526026
82,58942,Newcastle United,Manchester United,-1,5,Home,36.4,1,4,7,4,28,562,358,18,24,0,0,1,9,2,4,0,1,1,0,13,14,2,5,7,2,1.5452781952176413,3.8710316813358268
83,58942,Manchester United,Newcastle United,1,5,Away,63.6,4,14,28,1,7,823,629,14,13,7,2,1,12,13,14,2,5,7,2,2,4,0,1,1,0,3.8710316813358268,1.5452781952176413
84,58943,Sheffield United,Fulham,1,5,Home,41.5,1,6,10,1,15,562,399,15,17,2,4,0,5,5,6,3,3,1,1,8,8,5,7,1,0,1.9458001675643555,2.6840269818636564
85,58943,Fulham,Sheffield United,-1,5,Away,58.5,1,6,15,1,10,743,563,14,22,5,0,2,9,8,8,5,7,1,0,5,6,3,3,1,1,2.6840269818636564,1.9458001675643555
86,58944,Tottenham Hotspur,West Ham United,1,5,Home,51.2,3,6,11,3,13,707,511,25,30,3,1,0,13,3,8,1,2,0,1,8,7,3,3,5,0,2.4899440592618696,1.9459257538443964
87,58944,West Ham United,Tottenham Hotspur,-1,5,Away,48.8,3,4,13,3,11,666,459,14,8,7,3,5,12,8,7,3,3,5,0,3,8,1,2,0,1,1.9459257538443964,2.4899440592618696
88,58937,Crystal Palace,Brighton and Hove Albion,1,5,Home,34.3,1,1,1,1,20,454,280,19,31,2,1,3,13,0,1,0,0,0,0,11,5,4,8,2,1,0.7936507936507936,2.3905721629311985
89,58937,Brighton and Hove Albion,Crystal Palace,-1,5,Away,65.7,1,3,20,1,1,746,544,15,8,5,2,2,13,11,5,4,8,2,1,0,1,0,0,0,0,2.3905721629311985,0.7936507936507936
90,58950,Fulham,Crystal Palace,-1,6,Home,64.2,1,3,16,2,14,851,643,19,13,4,1,0,11,8,5,1,3,5,1,9,13,2,3,6,0,1.2250357993977923,3.9896672979397785
91,58950,Crystal Palace,Fulham,1,6,Away,35.8,2,10,14,1,16,566,366,22,19,4,2,1,11,9,13,2,3,6,0,8,5,1,3,5,1,3.9896672979397785,1.2250357993977923
92,58951,Liverpool,Sheffield United,2,6,Home,62.2,2,5,17,1,13,891,683,7,30,7,2,0,7,9,6,4,7,2,2,7,4,1,4,4,0,3.035014630603565,2.1543175638990615
93,58951,Sheffield United,Liverpool,-2,6,Away,37.8,1,2,13,2,17,602,406,22,25,3,0,3,15,7,4,1,4,4,0,9,6,4,7,2,2,2.1543175638990615,3.035014630603565
94,58952,Manchester United,Chelsea,0,6,Home,50.2,0,4,14,0,6,785,582,13,20,9,2,3,8,7,5,2,5,2,0,4,1,0,1,2,1,1.422884208593806,0.5901364626193724
95,58952,Chelsea,Manchester United,0,6,Away,49.8,0,1,6,0,14,773,582,17,24,6,0,1,6,4,1,0,1,2,1,7,5,2,5,2,0,0.5901364626193724,1.422884208593806
96,58953,Southampton,Everton,0,6,Home,54.3,2,6,13,0,6,805,610,18,20,4,1,1,11,10,6,1,3,5,2,3,3,1,2,1,0,1.8251019960918586,0.6230749355033639
97,58953,Everton,Southampton,0,6,Away,45.7,0,2,6,2,13,686,509,15,14,5,1,2,11,3,3,1,2,1,0,10,6,1,3,5,2,0.6230749355033639,1.8251019960918586
98,58954,West Ham United,Manchester City,-2,6,Home,30.5,1,2,6,1,14,478,325,15,28,2,1,2,14,2,2,1,2,0,0,6,8,0,3,2,1,0.7211214403656863,2.413759631791228
99,58954,Manchester City,West Ham United,2,6,Away,69.5,1,7,14,1,6,933,747,10,14,10,0,0,6,6,8,0,3,2,1,2,2,1,2,0,0,2.413759631791228,0.7211214403656863
100,58955,Wolverhampton Wanderers,Newcastle United,0,6,Home,63.4,1,3,16,1,5,877,702,11,9,2,0,0,10,4,3,0,4,0,0,1,2,0,1,0,1,1.2646657820285057,1.0502881739544099
101,58955,Newcastle United,Wolverhampton Wanderers,0,6,Away,36.6,1,2,5,1,16,567,400,23,18,3,1,1,10,1,2,0,1,0,1,4,3,0,4,0,0,1.0502881739544099,1.2646657820285057
102,58956,Aston Villa,Southampton,-1,7,Home,55.9,3,10,19,4,9,567,371,14,3,11,2,1,12,12,10,5,4,4,4,4,6,2,2,2,0,3.729178162297594,2.142306375478372
103,58956,Southampton,Aston Villa,1,7,Away,44.1,4,4,9,3,19,488,312,19,32,1,2,2,17,4,6,2,2,2,0,12,10,5,4,4,4,2.142306375478372,3.729178162297594
104,58957,Burnley,Chelsea,-1,7,Home,36.3,0,0,5,3,14,545,392,13,16,3,1,1,10,1,1,0,1,0,0,7,9,5,7,0,0,0.30712595794094194,2.3337857209644475
105,58957,Chelsea,Burnley,1,7,Away,63.7,3,9,14,0,5,856,693,13,13,4,4,0,15,7,9,5,7,0,0,1,1,0,1,0,0,2.3337857209644475,0.30712595794094194
106,58958,Fulham,West Bromwich Albion,0,7,Home,45.7,2,6,13,0,10,627,395,15,13,5,1,3,13,2,2,0,0,4,0,4,0,2,4,0,0,0.8749649476982286,0.9761625354730286
107,58958,West Bromwich Albion,Fulham,0,7,Away,54.3,0,1,10,2,13,687,468,28,20,2,4,2,11,4,0,2,4,0,0,2,2,0,0,4,0,0.9761625354730286,0.8749649476982286
108,58959,Leeds United,Leicester City,-2,7,Home,67.5,1,4,11,4,10,834,639,19,11,10,2,1,9,5,7,1,3,2,1,7,9,1,6,1,0,2.5895913084944864,3.8555534250524937
109,58959,Leicester City,Leeds United,2,7,Away,32.5,4,8,10,1,11,500,302,20,26,3,0,1,5,7,9,1,6,1,0,5,7,1,3,2,1,3.8555534250524937,2.5895913084944864
110,58960,Liverpool,West Ham United,2,7,Home,72.4,2,5,9,1,4,990,827,10,14,1,1,0,13,5,7,0,3,1,1,4,3,1,4,0,0,2.4352639200198136,1.2747562144844842
111,58960,West Ham United,Liverpool,-2,7,Away,27.6,1,3,4,2,9,472,304,18,24,2,0,1,14,4,3,1,4,0,0,5,7,0,3,1,1,1.2747562144844842,2.4352639200198136
112,58961,Manchester United,Arsenal,0,7,Home,53.3,0,2,8,1,7,731,570,10,12,6,4,3,12,4,3,3,3,1,0,2,4,1,2,0,0,0.6797402102267388,1.2487459752524739
113,58961,Arsenal,Manchester United,0,7,Away,46.7,1,2,7,0,8,673,501,20,25,3,0,3,12,2,4,1,2,0,0,4,3,3,3,1,0,1.2487459752524739,0.6797402102267388
114,58963,Sheffield United,Manchester City,-2,7,Home,35.2,0,1,3,1,16,537,375,19,24,2,0,0,14,2,1,0,1,0,1,9,7,2,5,3,2,0.38770649105693766,3.057909084138335
115,58963,Manchester City,Sheffield United,2,7,Away,64.8,1,8,16,0,3,897,715,12,13,5,2,0,6,9,7,2,5,3,2,2,1,0,1,0,1,3.057909084138335,0.38770649105693766
116,58964,Tottenham Hotspur,Brighton and Hove Albion,2,7,Home,43.4,2,3,9,1,6,555,387,16,16,4,0,2,14,4,6,2,2,2,1,5,2,3,4,1,0,1.6735964754885089,0.9221488966817675
117,58964,Brighton and Hove Albion,Tottenham Hotspur,-2,7,Away,56.6,1,2,6,2,9,673,503,13,12,5,4,1,13,5,2,3,4,1,0,4,6,2,2,2,1,0.9221488966817675,1.6735964754885089
118,58965,Wolverhampton Wanderers,Crystal Palace,0,7,Home,45.0,2,5,15,0,11,618,446,19,15,7,0,0,13,8,8,2,6,1,1,4,2,2,1,2,1,1.8026002890428434,0.9383754100164968
119,58965,Crystal Palace,Wolverhampton Wanderers,0,7,Away,55.0,0,2,11,2,15,722,552,10,15,6,2,2,4,4,2,2,1,2,1,8,8,2,6,1,1,0.9383754100164968,1.8026002890428434
120,58967,Brighton and Hove Albion,Burnley,-1,8,Home,58.9,0,3,19,0,4,704,530,11,10,5,1,1,11,9,3,3,7,1,1,3,1,2,3,0,0,1.766340310378374,0.497607285813402
121,58967,Burnley,Brighton and Hove Albion,1,8,Away,41.1,0,1,4,0,19,558,376,14,31,3,1,0,5,3,1,2,3,0,0,9,3,3,7,1,1,0.497607285813402,1.766340310378374
122,58968,Chelsea,Sheffield United,1,8,Home,70.1,4,9,20,1,6,953,762,13,14,6,1,0,5,7,12,1,5,4,0,3,3,0,2,0,2,3.539550754412074,1.0645816178608276
123,58968,Sheffield United,Chelsea,-1,8,Away,29.9,1,3,6,4,20,487,320,11,23,7,1,2,14,3,3,0,2,0,2,7,12,1,5,4,0,1.0645816178608276,3.539550754412074
124,58969,Crystal Palace,Leeds United,1,8,Home,35.2,4,6,10,1,9,539,332,15,30,3,1,0,9,6,8,1,3,4,1,5,5,2,5,0,0,2.0477409956882937,1.208562838438358
125,58969,Leeds United,Crystal Palace,-1,8,Away,64.8,1,3,9,4,10,806,599,25,11,6,1,2,16,5,5,2,5,0,0,6,8,1,3,4,1,1.208562838438358,2.0477409956882937
126,58970,Everton,Manchester United,-1,8,Home,54.7,1,1,7,3,13,736,523,25,10,5,3,4,12,5,2,1,4,1,0,7,6,1,4,3,0,1.0105338279942522,1.9839358081291596
127,58970,Manchester United,Everton,1,8,Away,45.3,3,5,13,1,7,641,453,13,22,2,1,2,19,7,6,1,4,3,0,5,2,1,4,1,0,1.9839358081291596,1.0105338279942522
128,58972,Manchester City,Liverpool,0,8,Home,54.6,1,2,7,1,10,696,555,12,20,1,2,3,19,3,4,1,2,1,0,4,4,0,1,1,2,0.8377761696579774,1.7583940599334027
129,58972,Liverpool,Manchester City,0,8,Away,45.4,1,3,10,1,7,618,459,13,7,2,5,1,11,4,4,0,1,1,2,3,4,1,2,1,0,1.7583940599334027,0.8377761696579774
130,58973,Southampton,Newcastle United,0,8,Home,60.7,2,8,15,0,4,751,561,32,10,7,4,1,12,9,8,1,7,0,2,3,2,2,3,0,0,2.586001524148275,0.6625405920872833
131,58973,Newcastle United,Southampton,0,8,Away,39.3,0,2,4,2,15,540,360,13,13,3,1,2,11,3,2,2,3,0,0,9,8,1,7,0,2,0.6625405920872833,2.586001524148275
132,58974,West Bromwich Albion,Tottenham Hotspur,-2,8,Home,41.2,0,2,12,1,19,546,340,19,11,9,1,1,17,4,3,3,3,1,1,12,7,4,6,6,1,0.8807669705017436,2.164109043608696
133,58974,Tottenham Hotspur,West Bromwich Albion,2,8,Away,58.8,1,5,19,0,12,712,508,16,33,6,1,0,12,12,7,4,6,6,1,4,3,3,3,1,1,2.164109043608696,0.8807669705017436
134,58975,West Ham United,Fulham,1,8,Home,53.0,1,7,16,0,13,701,506,14,18,9,3,2,10,6,7,6,5,2,0,5,3,2,4,1,0,1.5807937405235344,1.5008110057172024
135,58975,Fulham,West Ham United,-1,8,Away,47.0,0,3,13,1,16,629,460,12,24,5,2,2,9,5,3,2,4,1,0,6,7,6,5,2,0,1.5008110057172024,1.5807937405235344
136,58938,Everton,Liverpool,-2,5,Home,41.9,2,5,11,2,22,554,380,16,27,2,2,3,15,4,6,4,3,0,1,14,11,4,12,0,2,2.000657758371076,4.116353354538537
137,58938,Liverpool,Everton,2,5,Away,58.1,2,8,22,2,11,714,524,18,13,5,3,2,9,14,11,4,12,0,2,4,6,4,3,0,1,4.116353354538537,2.000657758371076
138,58939,Leeds United,Wolverhampton Wanderers,-1,5,Home,67.8,0,2,13,1,7,728,553,14,5,8,1,2,13,7,1,2,6,0,1,4,3,0,2,1,1,1.2786110150159264,1.158087719027165
139,58939,Wolverhampton Wanderers,Leeds United,1,5,Away,32.2,1,3,7,0,13,468,269,14,26,3,2,1,12,4,3,0,2,1,1,7,1,2,6,0,1,1.158087719027165,1.2786110150159264
140,58945,West Bromwich Albion,Burnley,-1,5,Home,56.8,0,6,13,0,9,674,477,14,24,8,2,2,15,6,7,1,4,3,0,6,7,5,4,2,0,1.9291202800192904,1.1743998628247132
141,58945,Burnley,West Bromwich Albion,1,5,Away,43.2,0,4,9,0,13,544,352,13,15,2,0,2,17,6,7,5,4,2,0,6,7,1,4,3,0,1.1743998628247132,1.9291202800192904
142,58946,Arsenal,Leicester City,0,6,Home,56.3,0,4,12,1,6,745,575,15,5,9,1,3,13,5,6,3,3,3,0,1,4,1,1,2,0,2.0522659376598744,1.1392436531926964
143,58946,Leicester City,Arsenal,0,6,Away,43.7,1,2,6,0,12,615,453,11,20,3,0,5,9,1,4,1,1,2,0,5,6,3,3,3,0,1.1392436531926964,2.0522659376598744
144,58947,Aston Villa,Leeds United,0,6,Home,40.8,0,4,12,3,27,496,305,14,22,6,0,2,14,7,5,0,4,1,2,13,12,3,9,3,1,1.7240812465985875,3.71479106069844
145,58947,Leeds United,Aston Villa,0,6,Away,59.2,3,9,27,0,12,648,445,14,12,5,0,2,17,13,12,3,9,3,1,7,5,0,4,1,2,3.71479106069844,1.7240812465985875
146,58948,Brighton and Hove Albion,West Bromwich Albion,0,6,Home,49.7,1,3,5,1,9,656,473,20,21,6,2,2,14,3,3,1,3,0,0,2,4,0,0,0,2,0.9174764095719076,0.4715470538963467
147,58948,West Bromwich Albion,Brighton and Hove Albion,0,6,Away,50.3,1,3,9,1,5,680,476,22,18,2,1,0,7,2,4,0,0,0,2,3,3,1,3,0,0,0.4715470538963467,0.9174764095719076
148,58949,Burnley,Tottenham Hotspur,-1,6,Home,38.3,0,4,13,1,9,528,364,15,16,4,4,2,9,1,4,2,1,0,0,6,3,3,4,1,2,1.295388292008382,1.7879147960471633
149,58949,Tottenham Hotspur,Burnley,1,6,Away,61.7,1,3,9,0,13,764,595,11,13,5,2,0,7,6,3,3,4,1,2,1,4,2,1,0,0,1.7879147960471633,1.295388292008382
150,58962,Newcastle United,Everton,0,7,Home,37.7,2,4,11,1,15,557,369,13,23,5,1,2,9,5,5,1,4,0,1,9,6,2,7,0,2,2.774205575029327,2.0560672639786453
151,58962,Everton,Newcastle United,0,7,Away,62.3,1,4,15,2,11,803,607,22,12,4,0,4,10,9,6,2,7,0,2,5,5,1,4,0,1,2.0560672639786453,2.774205575029327
152,58966,Arsenal,Aston Villa,2,8,Home,58.8,0,2,13,3,15,712,538,7,12,3,1,0,11,8,3,1,5,1,2,11,5,2,3,8,2,1.6399503477102768,2.1539205297002715
153,58966,Aston Villa,Arsenal,-2,8,Away,41.2,3,6,15,0,13,550,378,14,26,8,1,0,13,11,5,2,3,8,2,8,3,1,5,1,2,2.1539205297002715,1.6399503477102768
154,58971,Leicester City,Wolverhampton Wanderers,1,8,Home,49.6,1,3,10,0,8,661,492,20,19,6,0,2,12,4,4,2,5,0,1,4,4,1,3,1,0,2.223031528235002,0.8796812622420088
155,58971,Wolverhampton Wanderers,Leicester City,-1,8,Away,50.4,0,2,8,1,10,679,505,17,10,3,1,3,8,4,4,1,3,1,0,4,4,2,5,0,1,0.8796812622420088,2.223031528235002
156,58980,Liverpool,Leicester City,1,9,Home,56.4,3,13,24,0,11,766,572,9,15,10,2,0,15,17,17,6,8,3,6,5,6,1,3,1,2,4.864665864074629,2.306565783935516
157,58980,Leicester City,Liverpool,-1,9,Away,43.6,0,4,11,3,24,648,441,14,19,3,1,2,6,5,6,1,3,1,2,17,17,6,8,3,6,2.306565783935516,4.864665864074629
158,58981,Manchester United,West Bromwich Albion,2,9,Home,63.1,1,7,17,0,7,842,663,13,7,8,1,1,12,9,7,2,7,2,1,4,2,2,2,3,0,3.909471918538256,0.4941458021421168
159,58981,West Bromwich Albion,Manchester United,-2,9,Away,36.9,0,2,7,1,17,585,385,13,17,2,1,1,17,4,2,2,2,3,0,9,7,2,7,2,1,0.4941458021421168,3.909471918538256
160,58982,Newcastle United,Chelsea,-1,9,Home,29.0,0,1,8,2,14,447,287,6,23,7,2,2,11,4,2,0,2,1,1,9,6,2,6,1,2,1.1526802153584328,1.8180218205174214
161,58982,Chelsea,Newcastle United,1,9,Away,71.0,2,3,14,0,8,909,746,13,25,4,2,0,12,9,6,2,6,1,2,4,2,0,2,1,1,1.8180218205174214,1.1526802153584328
162,58983,Sheffield United,West Ham United,0,9,Home,50.9,0,5,9,1,15,701,517,25,15,2,4,0,7,6,6,2,4,1,1,11,6,3,7,1,3,1.4149277039260955,2.810944093950176
163,58983,West Ham United,Sheffield United,0,9,Away,49.1,1,3,15,0,9,700,497,12,12,6,2,0,6,11,6,3,7,1,3,6,6,2,4,1,1,2.810944093950176,1.4149277039260955
164,58984,Tottenham Hotspur,Manchester City,-1,9,Home,33.9,2,2,4,0,22,493,318,25,30,0,1,2,13,1,2,0,0,1,0,11,6,1,6,2,3,0.38706215677834754,2.0762003851117172
165,58984,Manchester City,Tottenham Hotspur,1,9,Away,66.1,0,5,22,2,4,794,599,13,5,10,2,2,19,11,6,1,6,2,3,1,2,0,0,1,0,2.0762003851117172,0.38706215677834754
166,58985,Wolverhampton Wanderers,Southampton,0,9,Home,45.3,1,9,20,1,7,614,416,11,17,7,2,2,14,15,10,6,8,4,3,5,3,0,2,1,2,2.7665819094557693,1.1731154968742417
167,58985,Southampton,Wolverhampton Wanderers,0,9,Away,54.7,1,2,7,1,20,691,516,20,14,4,1,0,14,5,3,0,2,1,2,15,10,6,8,4,3,1.1731154968742417,2.7665819094557693
168,58976,Aston Villa,Brighton and Hove Albion,0,9,Home,55.4,1,4,15,2,7,654,457,7,12,12,2,2,5,8,6,1,5,2,1,4,2,1,4,0,0,1.9899235853706534,0.9969834342319734
169,58976,Brighton and Hove Albion,Aston Villa,0,9,Away,44.6,2,3,7,1,15,572,385,18,47,3,0,1,18,4,2,1,4,0,0,8,6,1,5,2,1,0.9969834342319734,1.9899235853706534
170,58978,Fulham,Everton,-1,9,Home,54.1,2,6,14,3,9,838,620,12,18,2,2,2,14,2,3,1,2,0,0,5,7,1,5,0,0,0.8432662524343876,3.957797659446544
171,58978,Everton,Fulham,1,9,Away,45.9,3,7,9,2,14,702,517,22,18,5,3,0,10,5,7,1,5,0,0,2,3,1,2,0,0,3.957797659446544,0.8432662524343876
172,58979,Leeds United,Arsenal,-2,9,Home,66.3,0,4,25,0,9,774,610,18,14,5,0,3,9,11,4,4,10,0,1,4,4,0,3,0,1,1.9612068307864017,1.2092055310597383
173,58979,Arsenal,Leeds United,2,9,Away,33.7,0,2,9,0,25,486,310,10,29,3,2,0,8,4,4,0,3,0,1,11,4,4,10,0,1,1.2092055310597383,1.9612068307864017
174,58977,Burnley,Crystal Palace,0,9,Home,46.1,1,4,10,0,15,578,409,14,17,4,2,2,13,6,7,2,4,0,2,4,5,1,4,1,1,1.625804927918008,2.0216847820202126
175,58977,Crystal Palace,Burnley,0,9,Away,53.9,0,5,15,1,10,665,459,12,16,7,2,0,9,4,5,1,4,1,1,6,7,2,4,0,2,2.0216847820202126,1.625804927918008
